MaterialKey;MaterialPlantKey;MaterialDescription;PlantKey;Plant;PlantCity;Inventory_Month;OnShelfInventoryQuantity;PurchaseQuantity;SalesQuantity;ForecastQuantity;ID_Plant_Year-Month;OnShelfInventoryQuantity_Total;PurchaseQuantity_Total;SalesQuantity_Total;ForecastQuantity_Total;OnShelfInventoryQuantity_Pct;PurchaseQuantity_Pct;SalesQuantity_Pct;ForecastQuantity_Pct
1;10004;EV Car Battery;4;ANT2;Antwerp;2022-01;1460;16481;15990;15978;42022-01;2035;20159;20371;19688;72;82;78;81
1;10004;EV Car Battery;4;ANT2;Antwerp;2022-02;1226;14077;15579;9854;42022-02;1723;16721;19728;13317;71;84;79;74
1;10004;EV Car Battery;4;ANT2;Antwerp;2022-03;1477;14084;16497;16554;42022-03;1888;17695;20878;19698;78;80;79;84
1;10004;EV Car Battery;4;ANT2;Antwerp;2022-04;1599;13174;16557;17272;42022-04;2035;16631;20668;20316;79;79;80;85
1;10004;EV Car Battery;4;ANT2;Antwerp;2022-05;1796;14224;17585;13967;42022-05;2170;17855;22044;18913;83;80;80;74
1;10004;EV Car Battery;4;ANT2;Antwerp;2022-06;1965;12888;16865;17042;42022-06;2309;16695;20775;20725;85;77;81;82
1;10004;EV Car Battery;4;ANT2;Antwerp;2022-07;2293;13100;17404;11054;42022-07;2580;16551;21434;15792;89;79;81;70
1;10004;EV Car Battery;4;ANT2;Antwerp;2022-08;2243;14305;15872;11945;42022-08;2516;17840;20038;15622;89;80;79;76
1;10004;EV Car Battery;4;ANT2;Antwerp;2022-09;2545;14073;15743;17064;42022-09;2815;17460;19447;19425;90;81;81;88
1;10004;EV Car Battery;4;ANT2;Antwerp;2022-10;2945;14740;15003;16638;42022-10;3187;18091;19158;20090;92;81;78;83
1;10004;EV Car Battery;4;ANT2;Antwerp;2022-11;2236;14062;15737;16961;42022-11;2483;17323;19880;21068;90;81;79;81
1;10004;EV Car Battery;4;ANT2;Antwerp;2022-12;2051;15705;17169;15384;42022-12;2238;19495;21660;19022;92;81;79;81
1;10004;EV Car Battery;4;ANT2;Antwerp;2023-01;1675;14748;16616;18831;42023-01;1875;18623;20841;21990;89;79;80;86
1;10004;EV Car Battery;4;ANT2;Antwerp;2023-02;1642;12618;15228;12752;42023-02;1878;16811;18916;16395;87;75;81;78
1;10004;EV Car Battery;4;ANT2;Antwerp;2023-03;1676;14582;17375;19483;42023-03;1878;18257;21682;23716;89;80;80;82
1;10004;EV Car Battery;4;ANT2;Antwerp;2023-04;1557;14299;16843;15233;42023-04;1739;17429;21004;18946;90;82;80;80
1;10004;EV Car Battery;4;ANT2;Antwerp;2023-05;1480;13676;15930;16759;42023-05;1634;17501;20717;20834;91;78;77;80
1;10004;EV Car Battery;4;ANT2;Antwerp;2023-06;1467;14686;15764;18299;42023-06;1631;18156;20095;22153;90;81;78;83
1;10004;EV Car Battery;4;ANT2;Antwerp;2023-07;1430;11591;16955;16895;42023-07;1552;15349;21297;20715;92;76;80;82
1;10004;EV Car Battery;4;ANT2;Antwerp;2023-08;1501;14199;16161;19235;42023-08;1615;18097;19852;23127;93;78;81;83
1;10004;EV Car Battery;4;ANT2;Antwerp;2023-09;1574;14557;16377;16193;42023-09;1679;17760;20474;20882;94;82;80;78
1;10004;EV Car Battery;4;ANT2;Antwerp;2023-10;1754;13075;16219;15857;42023-10;1857;16532;20361;19167;94;79;80;83
1;10004;EV Car Battery;4;ANT2;Antwerp;2023-11;1883;13980;16510;16050;42023-11;1989;17235;20888;19479;95;81;79;82
1;10004;EV Car Battery;4;ANT2;Antwerp;2023-12;2199;13003;16092;18020;42023-12;2315;17114;19846;22111;95;76;81;81
1;10004;EV Car Battery;4;ANT2;Antwerp;2024-01;2367;12788;17495;19689;42024-01;2461;16203;21601;24801;96;79;81;79
1;10004;EV Car Battery;4;ANT2;Antwerp;2024-02;;14519;15328;17453;42024-02;;17911;20043;20682;;81;76;84
1;10004;EV Car Battery;4;ANT2;Antwerp;2024-03;;14334;16377;15768;42024-03;;17815;19973;20509;;80;82;77
1;10004;EV Car Battery;4;ANT2;Antwerp;2024-04;;14219;16208;19512;42024-04;;17661;19942;23425;;81;81;83
1;10004;EV Car Battery;4;ANT2;Antwerp;2024-05;;13333;16958;16559;42024-05;;16485;21114;21771;;81;80;76
1;10004;EV Car Battery;4;ANT2;Antwerp;2024-06;;14984;15040;17233;42024-06;;19359;19599;21953;;77;77;78
1;10004;EV Car Battery;4;ANT2;Antwerp;2024-07;;14330;16403;19409;42024-07;;17461;20571;24460;;82;80;79
1;10004;EV Car Battery;4;ANT2;Antwerp;2024-08;;14653;15602;16022;42024-08;;18079;19540;21696;;81;80;74
1;10004;EV Car Battery;4;ANT2;Antwerp;2024-09;;15262;16669;16533;42024-09;;19059;21019;20735;;80;79;80
1;10004;EV Car Battery;4;ANT2;Antwerp;2024-10;;16165;17338;20252;42024-10;;20228;21923;25329;;80;79;80
1;10004;EV Car Battery;4;ANT2;Antwerp;2024-11;;14050;16142;15333;42024-11;;17743;20136;19374;;79;80;79
1;10004;EV Car Battery;4;ANT2;Antwerp;2024-12;;3524;16497;17676;42024-12;;4596;21125;21373;;77;78;83
1;10004;EV Car Battery;4;ANT2;Antwerp;2025-01;;;;20858;42025-01;;;;26363;;;;79
1;10004;EV Car Battery;4;ANT2;Antwerp;2025-02;;;;18276;42025-02;;;;22752;;;;80
1;10004;EV Car Battery;4;ANT2;Antwerp;2025-03;;;;20864;42025-03;;;;26061;;;;80
1;10004;EV Car Battery;4;ANT2;Antwerp;2025-04;;;;20650;42025-04;;;;25801;;;;80
1;10004;EV Car Battery;4;ANT2;Antwerp;2025-05;;;;19871;42025-05;;;;24570;;;;81
1;10004;EV Car Battery;4;ANT2;Antwerp;2025-06;;;;22111;42025-06;;;;26870;;;;82
1;10004;EV Car Battery;4;ANT2;Antwerp;2025-07;;;;21400;42025-07;;;;26276;;;;81
1;10004;EV Car Battery;4;ANT2;Antwerp;2025-08;;;;22814;42025-08;;;;27868;;;;82
1;10004;EV Car Battery;4;ANT2;Antwerp;2025-09;;;;19479;42025-09;;;;23923;;;;81
1;10004;EV Car Battery;4;ANT2;Antwerp;2025-10;;;;21360;42025-10;;;;27605;;;;77
1;10004;EV Car Battery;4;ANT2;Antwerp;2025-11;;;;20950;42025-11;;;;27307;;;;77
1;10004;EV Car Battery;4;ANT2;Antwerp;2025-12;;;;20777;42025-12;;;;25786;;;;81
2;20004;Home Battery;4;ANT2;Antwerp;2022-01;575;3678;4381;3710;42022-01;2035;20159;20371;19688;28;18;22;19
2;20004;Home Battery;4;ANT2;Antwerp;2022-02;497;2644;4149;3463;42022-02;1723;16721;19728;13317;29;16;21;26
2;20004;Home Battery;4;ANT2;Antwerp;2022-03;411;3611;4381;3144;42022-03;1888;17695;20878;19698;22;20;21;16
2;20004;Home Battery;4;ANT2;Antwerp;2022-04;436;3457;4111;3044;42022-04;2035;16631;20668;20316;21;21;20;15
2;20004;Home Battery;4;ANT2;Antwerp;2022-05;374;3631;4459;4946;42022-05;2170;17855;22044;18913;17;20;20;26
2;20004;Home Battery;4;ANT2;Antwerp;2022-06;344;3807;3910;3683;42022-06;2309;16695;20775;20725;15;23;19;18
2;20004;Home Battery;4;ANT2;Antwerp;2022-07;287;3451;4030;4738;42022-07;2580;16551;21434;15792;11;21;19;30
2;20004;Home Battery;4;ANT2;Antwerp;2022-08;273;3535;4166;3677;42022-08;2516;17840;20038;15622;11;20;21;24
2;20004;Home Battery;4;ANT2;Antwerp;2022-09;270;3387;3704;2361;42022-09;2815;17460;19447;19425;10;19;19;12
2;20004;Home Battery;4;ANT2;Antwerp;2022-10;242;3351;4155;3452;42022-10;3187;18091;19158;20090;8;19;22;17
2;20004;Home Battery;4;ANT2;Antwerp;2022-11;247;3261;4143;4107;42022-11;2483;17323;19880;21068;10;19;21;19
2;20004;Home Battery;4;ANT2;Antwerp;2022-12;187;3790;4491;3638;42022-12;2238;19495;21660;19022;8;19;21;19
2;20004;Home Battery;4;ANT2;Antwerp;2023-01;200;3875;4225;3159;42023-01;1875;18623;20841;21990;11;21;20;14
2;20004;Home Battery;4;ANT2;Antwerp;2023-02;236;4193;3688;3643;42023-02;1878;16811;18916;16395;13;25;19;22
2;20004;Home Battery;4;ANT2;Antwerp;2023-03;202;3675;4307;4233;42023-03;1878;18257;21682;23716;11;20;20;18
2;20004;Home Battery;4;ANT2;Antwerp;2023-04;182;3130;4161;3713;42023-04;1739;17429;21004;18946;10;18;20;20
2;20004;Home Battery;4;ANT2;Antwerp;2023-05;154;3825;4787;4075;42023-05;1634;17501;20717;20834;9;22;23;20
2;20004;Home Battery;4;ANT2;Antwerp;2023-06;164;3470;4331;3854;42023-06;1631;18156;20095;22153;10;19;22;17
2;20004;Home Battery;4;ANT2;Antwerp;2023-07;122;3758;4342;3820;42023-07;1552;15349;21297;20715;8;24;20;18
2;20004;Home Battery;4;ANT2;Antwerp;2023-08;114;3898;3691;3892;42023-08;1615;18097;19852;23127;7;22;19;17
2;20004;Home Battery;4;ANT2;Antwerp;2023-09;105;3203;4097;4689;42023-09;1679;17760;20474;20882;6;18;20;22
2;20004;Home Battery;4;ANT2;Antwerp;2023-10;103;3457;4142;3310;42023-10;1857;16532;20361;19167;6;21;20;17
2;20004;Home Battery;4;ANT2;Antwerp;2023-11;106;3255;4378;3429;42023-11;1989;17235;20888;19479;5;19;21;18
2;20004;Home Battery;4;ANT2;Antwerp;2023-12;116;4111;3754;4091;42023-12;2315;17114;19846;22111;5;24;19;19
2;20004;Home Battery;4;ANT2;Antwerp;2024-01;94;3415;4106;5112;42024-01;2461;16203;21601;24801;4;21;19;21
2;20004;Home Battery;4;ANT2;Antwerp;2024-02;;3392;4715;3229;42024-02;;17911;20043;20682;;19;24;16
2;20004;Home Battery;4;ANT2;Antwerp;2024-03;;3481;3596;4741;42024-03;;17815;19973;20509;;20;18;23
2;20004;Home Battery;4;ANT2;Antwerp;2024-04;;3442;3734;3913;42024-04;;17661;19942;23425;;19;19;17
2;20004;Home Battery;4;ANT2;Antwerp;2024-05;;3152;4156;5212;42024-05;;16485;21114;21771;;19;20;24
2;20004;Home Battery;4;ANT2;Antwerp;2024-06;;4375;4559;4720;42024-06;;19359;19599;21953;;23;23;22
2;20004;Home Battery;4;ANT2;Antwerp;2024-07;;3131;4168;5051;42024-07;;17461;20571;24460;;18;20;21
2;20004;Home Battery;4;ANT2;Antwerp;2024-08;;3426;3938;5674;42024-08;;18079;19540;21696;;19;20;26
2;20004;Home Battery;4;ANT2;Antwerp;2024-09;;3797;4350;4202;42024-09;;19059;21019;20735;;20;21;20
2;20004;Home Battery;4;ANT2;Antwerp;2024-10;;4063;4585;5077;42024-10;;20228;21923;25329;;20;21;20
2;20004;Home Battery;4;ANT2;Antwerp;2024-11;;3693;3994;4041;42024-11;;17743;20136;19374;;21;20;21
2;20004;Home Battery;4;ANT2;Antwerp;2024-12;;1072;4628;3697;42024-12;;4596;21125;21373;;23;22;17
2;20004;Home Battery;4;ANT2;Antwerp;2025-01;;;;5505;42025-01;;;;26363;;;;21
2;20004;Home Battery;4;ANT2;Antwerp;2025-02;;;;4476;42025-02;;;;22752;;;;20
2;20004;Home Battery;4;ANT2;Antwerp;2025-03;;;;5197;42025-03;;;;26061;;;;20
2;20004;Home Battery;4;ANT2;Antwerp;2025-04;;;;5151;42025-04;;;;25801;;;;20
2;20004;Home Battery;4;ANT2;Antwerp;2025-05;;;;4699;42025-05;;;;24570;;;;19
2;20004;Home Battery;4;ANT2;Antwerp;2025-06;;;;4759;42025-06;;;;26870;;;;18
2;20004;Home Battery;4;ANT2;Antwerp;2025-07;;;;4876;42025-07;;;;26276;;;;19
2;20004;Home Battery;4;ANT2;Antwerp;2025-08;;;;5054;42025-08;;;;27868;;;;18
2;20004;Home Battery;4;ANT2;Antwerp;2025-09;;;;4444;42025-09;;;;23923;;;;19
2;20004;Home Battery;4;ANT2;Antwerp;2025-10;;;;6245;42025-10;;;;27605;;;;23
2;20004;Home Battery;4;ANT2;Antwerp;2025-11;;;;6357;42025-11;;;;27307;;;;23
2;20004;Home Battery;4;ANT2;Antwerp;2025-12;;;;5009;42025-12;;;;25786;;;;19
1;10005;EV Car Battery;5;WRO2;Wroc?aw;2022-01;688;5954;8337;5360;52022-01;925;7453;10335;6825;74;80;81;79
1;10005;EV Car Battery;5;WRO2;Wroc?aw;2022-02;772;5223;7006;4008;52022-02;1027;6059;8953;5632;75;86;78;71
1;10005;EV Car Battery;5;WRO2;Wroc?aw;2022-03;717;5261;8101;7585;52022-03;955;6868;9884;8873;75;77;82;85
1;10005;EV Car Battery;5;WRO2;Wroc?aw;2022-04;654;6438;7414;4644;52022-04;895;8302;9360;6117;73;78;79;76
1;10005;EV Car Battery;5;WRO2;Wroc?aw;2022-05;655;6002;7888;5308;52022-05;865;7649;9832;7226;76;78;80;73
1;10005;EV Car Battery;5;WRO2;Wroc?aw;2022-06;574;5355;7280;5642;52022-06;793;6595;9016;7059;72;81;81;80
1;10005;EV Car Battery;5;WRO2;Wroc?aw;2022-07;542;6791;7894;5968;52022-07;778;8163;9700;7477;70;83;81;80
1;10005;EV Car Battery;5;WRO2;Wroc?aw;2022-08;428;7282;7993;5956;52022-08;701;8983;9623;7685;61;81;83;78
1;10005;EV Car Battery;5;WRO2;Wroc?aw;2022-09;459;6337;7140;7006;52022-09;696;7344;8861;8953;66;86;81;78
1;10005;EV Car Battery;5;WRO2;Wroc?aw;2022-10;443;6131;7736;7514;52022-10;676;7551;9672;9164;66;81;80;82
1;10005;EV Car Battery;5;WRO2;Wroc?aw;2022-11;430;6564;7396;6511;52022-11;622;7768;9278;8012;69;85;80;81
1;10005;EV Car Battery;5;WRO2;Wroc?aw;2022-12;346;7092;7530;5957;52022-12;551;8690;9312;7194;63;82;81;83
1;10005;EV Car Battery;5;WRO2;Wroc?aw;2023-01;437;7287;7962;5975;52023-01;655;9255;9778;7853;67;79;81;76
1;10005;EV Car Battery;5;WRO2;Wroc?aw;2023-02;425;5102;7038;5620;52023-02;647;7267;8920;7199;66;70;79;78
1;10005;EV Car Battery;5;WRO2;Wroc?aw;2023-03;425;6865;7709;8964;52023-03;690;8321;9378;11201;62;83;82;80
1;10005;EV Car Battery;5;WRO2;Wroc?aw;2023-04;402;5952;7217;6667;52023-04;688;7919;8963;8771;58;75;81;76
1;10005;EV Car Battery;5;WRO2;Wroc?aw;2023-05;381;5579;8357;7208;52023-05;646;6357;10400;9212;59;88;80;78
1;10005;EV Car Battery;5;WRO2;Wroc?aw;2023-06;344;5441;7560;7050;52023-06;658;6682;9638;8785;52;81;78;80
1;10005;EV Car Battery;5;WRO2;Wroc?aw;2023-07;336;5464;7197;6433;52023-07;670;6662;9209;8465;50;82;78;76
1;10005;EV Car Battery;5;WRO2;Wroc?aw;2023-08;368;7805;7487;8503;52023-08;661;9499;9244;11069;56;82;81;77
1;10005;EV Car Battery;5;WRO2;Wroc?aw;2023-09;302;4842;7836;7990;52023-09;623;6065;9584;10316;48;80;82;77
1;10005;EV Car Battery;5;WRO2;Wroc?aw;2023-10;267;5766;7504;6901;52023-10;594;7783;8984;8838;45;74;84;78
1;10005;EV Car Battery;5;WRO2;Wroc?aw;2023-11;312;5300;7206;8052;52023-11;624;7059;9063;9650;50;75;80;83
1;10005;EV Car Battery;5;WRO2;Wroc?aw;2023-12;302;7891;8183;7198;52023-12;600;9849;9878;9528;50;80;83;76
1;10005;EV Car Battery;5;WRO2;Wroc?aw;2024-01;257;7096;7433;6517;52024-01;501;8380;9442;8764;51;85;79;74
1;10005;EV Car Battery;5;WRO2;Wroc?aw;2024-02;;5361;7185;7957;52024-02;;6937;8715;9981;;77;82;80
1;10005;EV Car Battery;5;WRO2;Wroc?aw;2024-03;;5901;7878;8351;52024-03;;7441;9431;9944;;79;84;84
1;10005;EV Car Battery;5;WRO2;Wroc?aw;2024-04;;7104;7307;7590;52024-04;;8491;9280;9674;;84;79;78
1;10005;EV Car Battery;5;WRO2;Wroc?aw;2024-05;;6052;7594;8251;52024-05;;7619;9541;9976;;79;80;83
1;10005;EV Car Battery;5;WRO2;Wroc?aw;2024-06;;7241;8163;9559;52024-06;;8922;10021;11493;;81;81;83
1;10005;EV Car Battery;5;WRO2;Wroc?aw;2024-07;;7331;8080;8192;52024-07;;8596;9908;10218;;85;82;80
1;10005;EV Car Battery;5;WRO2;Wroc?aw;2024-08;;4679;8066;10299;52024-08;;6605;9948;12840;;71;81;80
1;10005;EV Car Battery;5;WRO2;Wroc?aw;2024-09;;7214;8130;7725;52024-09;;8751;9878;9988;;82;82;77
1;10005;EV Car Battery;5;WRO2;Wroc?aw;2024-10;;6609;7757;8325;52024-10;;8208;9685;10976;;81;80;76
1;10005;EV Car Battery;5;WRO2;Wroc?aw;2024-11;;6636;6892;6613;52024-11;;7990;8579;8531;;83;80;78
1;10005;EV Car Battery;5;WRO2;Wroc?aw;2024-12;;1463;7790;7957;52024-12;;1848;9502;10422;;79;82;76
1;10005;EV Car Battery;5;WRO2;Wroc?aw;2025-01;;;;10263;52025-01;;;;13165;;;;78
1;10005;EV Car Battery;5;WRO2;Wroc?aw;2025-02;;;;8633;52025-02;;;;10861;;;;79
1;10005;EV Car Battery;5;WRO2;Wroc?aw;2025-03;;;;9028;52025-03;;;;11277;;;;80
1;10005;EV Car Battery;5;WRO2;Wroc?aw;2025-04;;;;8403;52025-04;;;;11108;;;;76
1;10005;EV Car Battery;5;WRO2;Wroc?aw;2025-05;;;;9980;52025-05;;;;12054;;;;83
1;10005;EV Car Battery;5;WRO2;Wroc?aw;2025-06;;;;9785;52025-06;;;;11736;;;;83
1;10005;EV Car Battery;5;WRO2;Wroc?aw;2025-07;;;;8874;52025-07;;;;11337;;;;78
1;10005;EV Car Battery;5;WRO2;Wroc?aw;2025-08;;;;8714;52025-08;;;;11452;;;;76
1;10005;EV Car Battery;5;WRO2;Wroc?aw;2025-09;;;;9270;52025-09;;;;11654;;;;80
1;10005;EV Car Battery;5;WRO2;Wroc?aw;2025-10;;;;9737;52025-10;;;;12222;;;;80
1;10005;EV Car Battery;5;WRO2;Wroc?aw;2025-11;;;;8417;52025-11;;;;10257;;;;82
1;10005;EV Car Battery;5;WRO2;Wroc?aw;2025-12;;;;8933;52025-12;;;;11377;;;;79
2;20005;Home Battery;5;WRO2;Wroc?aw;2022-01;237;1499;1998;1465;52022-01;925;7453;10335;6825;26;20;19;21
2;20005;Home Battery;5;WRO2;Wroc?aw;2022-02;255;836;1947;1624;52022-02;1027;6059;8953;5632;25;14;22;29
2;20005;Home Battery;5;WRO2;Wroc?aw;2022-03;238;1607;1783;1288;52022-03;955;6868;9884;8873;25;23;18;15
2;20005;Home Battery;5;WRO2;Wroc?aw;2022-04;241;1864;1946;1473;52022-04;895;8302;9360;6117;27;22;21;24
2;20005;Home Battery;5;WRO2;Wroc?aw;2022-05;210;1647;1944;1918;52022-05;865;7649;9832;7226;24;22;20;27
2;20005;Home Battery;5;WRO2;Wroc?aw;2022-06;219;1240;1736;1417;52022-06;793;6595;9016;7059;28;19;19;20
2;20005;Home Battery;5;WRO2;Wroc?aw;2022-07;236;1372;1806;1509;52022-07;778;8163;9700;7477;30;17;19;20
2;20005;Home Battery;5;WRO2;Wroc?aw;2022-08;273;1701;1630;1729;52022-08;701;8983;9623;7685;39;19;17;22
2;20005;Home Battery;5;WRO2;Wroc?aw;2022-09;237;1007;1721;1947;52022-09;696;7344;8861;8953;34;14;19;22
2;20005;Home Battery;5;WRO2;Wroc?aw;2022-10;233;1420;1936;1650;52022-10;676;7551;9672;9164;34;19;20;18
2;20005;Home Battery;5;WRO2;Wroc?aw;2022-11;192;1204;1882;1501;52022-11;622;7768;9278;8012;31;15;20;19
2;20005;Home Battery;5;WRO2;Wroc?aw;2022-12;205;1598;1782;1237;52022-12;551;8690;9312;7194;37;18;19;17
2;20005;Home Battery;5;WRO2;Wroc?aw;2023-01;218;1968;1816;1878;52023-01;655;9255;9778;7853;33;21;19;24
2;20005;Home Battery;5;WRO2;Wroc?aw;2023-02;222;2165;1882;1579;52023-02;647;7267;8920;7199;34;30;21;22
2;20005;Home Battery;5;WRO2;Wroc?aw;2023-03;265;1456;1669;2237;52023-03;690;8321;9378;11201;38;17;18;20
2;20005;Home Battery;5;WRO2;Wroc?aw;2023-04;286;1967;1746;2104;52023-04;688;7919;8963;8771;42;25;19;24
2;20005;Home Battery;5;WRO2;Wroc?aw;2023-05;265;778;2043;2004;52023-05;646;6357;10400;9212;41;12;20;22
2;20005;Home Battery;5;WRO2;Wroc?aw;2023-06;314;1241;2078;1735;52023-06;658;6682;9638;8785;48;19;22;20
2;20005;Home Battery;5;WRO2;Wroc?aw;2023-07;334;1198;2012;2032;52023-07;670;6662;9209;8465;50;18;22;24
2;20005;Home Battery;5;WRO2;Wroc?aw;2023-08;293;1694;1757;2566;52023-08;661;9499;9244;11069;44;18;19;23
2;20005;Home Battery;5;WRO2;Wroc?aw;2023-09;321;1223;1748;2326;52023-09;623;6065;9584;10316;52;20;18;23
2;20005;Home Battery;5;WRO2;Wroc?aw;2023-10;327;2017;1480;1937;52023-10;594;7783;8984;8838;55;26;16;22
2;20005;Home Battery;5;WRO2;Wroc?aw;2023-11;312;1759;1857;1598;52023-11;624;7059;9063;9650;50;25;20;17
2;20005;Home Battery;5;WRO2;Wroc?aw;2023-12;298;1958;1695;2330;52023-12;600;9849;9878;9528;50;20;17;24
2;20005;Home Battery;5;WRO2;Wroc?aw;2024-01;244;1284;2009;2247;52024-01;501;8380;9442;8764;49;15;21;26
2;20005;Home Battery;5;WRO2;Wroc?aw;2024-02;;1576;1530;2024;52024-02;;6937;8715;9981;;23;18;20
2;20005;Home Battery;5;WRO2;Wroc?aw;2024-03;;1540;1553;1593;52024-03;;7441;9431;9944;;21;16;16
2;20005;Home Battery;5;WRO2;Wroc?aw;2024-04;;1387;1973;2084;52024-04;;8491;9280;9674;;16;21;22
2;20005;Home Battery;5;WRO2;Wroc?aw;2024-05;;1567;1947;1725;52024-05;;7619;9541;9976;;21;20;17
2;20005;Home Battery;5;WRO2;Wroc?aw;2024-06;;1681;1858;1934;52024-06;;8922;10021;11493;;19;19;17
2;20005;Home Battery;5;WRO2;Wroc?aw;2024-07;;1265;1828;2026;52024-07;;8596;9908;10218;;15;18;20
2;20005;Home Battery;5;WRO2;Wroc?aw;2024-08;;1926;1882;2541;52024-08;;6605;9948;12840;;29;19;20
2;20005;Home Battery;5;WRO2;Wroc?aw;2024-09;;1537;1748;2263;52024-09;;8751;9878;9988;;18;18;23
2;20005;Home Battery;5;WRO2;Wroc?aw;2024-10;;1599;1928;2651;52024-10;;8208;9685;10976;;19;20;24
2;20005;Home Battery;5;WRO2;Wroc?aw;2024-11;;1354;1687;1918;52024-11;;7990;8579;8531;;17;20;22
2;20005;Home Battery;5;WRO2;Wroc?aw;2024-12;;385;1712;2465;52024-12;;1848;9502;10422;;21;18;24
2;20005;Home Battery;5;WRO2;Wroc?aw;2025-01;;;;2902;52025-01;;;;13165;;;;22
2;20005;Home Battery;5;WRO2;Wroc?aw;2025-02;;;;2228;52025-02;;;;10861;;;;21
2;20005;Home Battery;5;WRO2;Wroc?aw;2025-03;;;;2249;52025-03;;;;11277;;;;20
2;20005;Home Battery;5;WRO2;Wroc?aw;2025-04;;;;2705;52025-04;;;;11108;;;;24
2;20005;Home Battery;5;WRO2;Wroc?aw;2025-05;;;;2074;52025-05;;;;12054;;;;17
2;20005;Home Battery;5;WRO2;Wroc?aw;2025-06;;;;1951;52025-06;;;;11736;;;;17
2;20005;Home Battery;5;WRO2;Wroc?aw;2025-07;;;;2463;52025-07;;;;11337;;;;22
2;20005;Home Battery;5;WRO2;Wroc?aw;2025-08;;;;2738;52025-08;;;;11452;;;;24
2;20005;Home Battery;5;WRO2;Wroc?aw;2025-09;;;;2384;52025-09;;;;11654;;;;20
2;20005;Home Battery;5;WRO2;Wroc?aw;2025-10;;;;2485;52025-10;;;;12222;;;;20
2;20005;Home Battery;5;WRO2;Wroc?aw;2025-11;;;;1840;52025-11;;;;10257;;;;18
2;20005;Home Battery;5;WRO2;Wroc?aw;2025-12;;;;2444;52025-12;;;;11377;;;;21
1;10006;EV Car Battery;6;LYO2;Lyon;2022-01;1260;8066;8454;5170;62022-01;1842;10366;10796;7140;68;78;78;72
1;10006;EV Car Battery;6;LYO2;Lyon;2022-02;1310;6894;8094;7278;62022-02;1934;8370;10081;9169;68;82;80;79
1;10006;EV Car Battery;6;LYO2;Lyon;2022-03;1110;6341;8793;7715;62022-03;1697;7800;11011;9497;65;81;80;81
1;10006;EV Car Battery;6;LYO2;Lyon;2022-04;1105;6700;8982;7276;62022-04;1722;8697;11294;9013;64;77;80;81
1;10006;EV Car Battery;6;LYO2;Lyon;2022-05;1062;8172;9364;6284;62022-05;1706;11004;11892;8134;62;74;79;77
1;10006;EV Car Battery;6;LYO2;Lyon;2022-06;871;7235;8868;9220;62022-06;1523;8596;11315;10900;57;84;78;85
1;10006;EV Car Battery;6;LYO2;Lyon;2022-07;928;7719;8854;9508;62022-07;1593;9698;11204;11566;58;80;79;82
1;10006;EV Car Battery;6;LYO2;Lyon;2022-08;712;7603;8671;7605;62022-08;1281;9196;11105;9324;56;83;78;82
1;10006;EV Car Battery;6;LYO2;Lyon;2022-09;708;8235;8514;7225;62022-09;1215;10066;10748;8663;58;82;79;83
1;10006;EV Car Battery;6;LYO2;Lyon;2022-10;641;8361;8964;8416;62022-10;1211;10818;11335;11082;53;77;79;76
1;10006;EV Car Battery;6;LYO2;Lyon;2022-11;644;7567;7737;7629;62022-11;1127;9997;9786;9005;57;76;79;85
1;10006;EV Car Battery;6;LYO2;Lyon;2022-12;592;7093;9234;8412;62022-12;1179;8880;11362;10130;50;80;81;83
1;10006;EV Car Battery;6;LYO2;Lyon;2023-01;481;7657;9319;9708;62023-01;1008;9351;11337;12118;48;82;82;80
1;10006;EV Car Battery;6;LYO2;Lyon;2023-02;473;6259;8796;7977;62023-02;1094;8077;10887;10051;43;77;81;79
1;10006;EV Car Battery;6;LYO2;Lyon;2023-03;485;6739;9562;7619;62023-03;1119;8026;11931;9526;43;84;80;80
1;10006;EV Car Battery;6;LYO2;Lyon;2023-04;453;8459;8437;9720;62023-04;1085;10259;10666;11782;42;82;79;82
1;10006;EV Car Battery;6;LYO2;Lyon;2023-05;352;8140;8784;7879;62023-05;875;10307;10704;9595;40;79;82;82
1;10006;EV Car Battery;6;LYO2;Lyon;2023-06;393;8812;8416;8001;62023-06;830;10061;10645;9702;47;88;79;82
1;10006;EV Car Battery;6;LYO2;Lyon;2023-07;373;8166;8796;9149;62023-07;736;10028;10729;12099;51;81;82;76
1;10006;EV Car Battery;6;LYO2;Lyon;2023-08;368;7338;8879;9177;62023-08;751;9899;11064;11716;49;74;80;78
1;10006;EV Car Battery;6;LYO2;Lyon;2023-09;324;7914;9239;8277;62023-09;736;9997;11301;10152;44;79;82;82
1;10006;EV Car Battery;6;LYO2;Lyon;2023-10;299;7455;8492;9718;62023-10;701;9664;10679;11954;43;77;80;81
1;10006;EV Car Battery;6;LYO2;Lyon;2023-11;227;7690;8767;7227;62023-11;599;9584;11175;9518;38;80;78;76
1;10006;EV Car Battery;6;LYO2;Lyon;2023-12;228;8345;9312;10359;62023-12;575;10045;11338;12868;40;83;82;81
1;10006;EV Car Battery;6;LYO2;Lyon;2024-01;220;8060;9022;9316;62024-01;514;9885;11300;11017;43;82;80;85
1;10006;EV Car Battery;6;LYO2;Lyon;2024-02;;7375;8091;10924;62024-02;;9168;10292;13700;;80;79;80
1;10006;EV Car Battery;6;LYO2;Lyon;2024-03;;7628;9255;11030;62024-03;;9669;11639;14146;;79;80;78
1;10006;EV Car Battery;6;LYO2;Lyon;2024-04;;6562;8417;9297;62024-04;;9115;10538;11158;;72;80;83
1;10006;EV Car Battery;6;LYO2;Lyon;2024-05;;7059;8790;11029;62024-05;;9134;11262;13518;;77;78;82
1;10006;EV Car Battery;6;LYO2;Lyon;2024-06;;7164;8646;7557;62024-06;;9305;10769;9426;;77;80;80
1;10006;EV Car Battery;6;LYO2;Lyon;2024-07;;6749;8575;11851;62024-07;;8774;10861;13720;;77;79;86
1;10006;EV Car Battery;6;LYO2;Lyon;2024-08;;9274;8894;8526;62024-08;;11220;10821;11348;;83;82;75
1;10006;EV Car Battery;6;LYO2;Lyon;2024-09;;7479;8516;10823;62024-09;;10275;10389;12825;;73;82;84
1;10006;EV Car Battery;6;LYO2;Lyon;2024-10;;7606;9109;10233;62024-10;;9118;11045;12872;;83;82;79
1;10006;EV Car Battery;6;LYO2;Lyon;2024-11;;7376;8310;8173;62024-11;;9585;10541;10643;;77;79;77
1;10006;EV Car Battery;6;LYO2;Lyon;2024-12;;1409;9168;10968;62024-12;;1869;11580;14254;;75;79;77
1;10006;EV Car Battery;6;LYO2;Lyon;2025-01;;;;11433;62025-01;;;;14060;;;;81
1;10006;EV Car Battery;6;LYO2;Lyon;2025-02;;;;10220;62025-02;;;;12840;;;;80
1;10006;EV Car Battery;6;LYO2;Lyon;2025-03;;;;12064;62025-03;;;;15205;;;;79
1;10006;EV Car Battery;6;LYO2;Lyon;2025-04;;;;9052;62025-04;;;;11803;;;;77
1;10006;EV Car Battery;6;LYO2;Lyon;2025-05;;;;11678;62025-05;;;;15282;;;;76
1;10006;EV Car Battery;6;LYO2;Lyon;2025-06;;;;9992;62025-06;;;;12520;;;;80
1;10006;EV Car Battery;6;LYO2;Lyon;2025-07;;;;13284;62025-07;;;;15745;;;;84
1;10006;EV Car Battery;6;LYO2;Lyon;2025-08;;;;11515;62025-08;;;;14605;;;;79
1;10006;EV Car Battery;6;LYO2;Lyon;2025-09;;;;11346;62025-09;;;;13753;;;;82
1;10006;EV Car Battery;6;LYO2;Lyon;2025-10;;;;12280;62025-10;;;;14589;;;;84
1;10006;EV Car Battery;6;LYO2;Lyon;2025-11;;;;10320;62025-11;;;;13288;;;;78
1;10006;EV Car Battery;6;LYO2;Lyon;2025-12;;;;11819;62025-12;;;;14948;;;;79
2;20006;Home Battery;6;LYO2;Lyon;2022-01;582;2300;2342;1970;62022-01;1842;10366;10796;7140;32;22;22;28
2;20006;Home Battery;6;LYO2;Lyon;2022-02;624;1476;1987;1891;62022-02;1934;8370;10081;9169;32;18;20;21
2;20006;Home Battery;6;LYO2;Lyon;2022-03;587;1459;2218;1782;62022-03;1697;7800;11011;9497;35;19;20;19
2;20006;Home Battery;6;LYO2;Lyon;2022-04;617;1997;2312;1737;62022-04;1722;8697;11294;9013;36;23;20;19
2;20006;Home Battery;6;LYO2;Lyon;2022-05;644;2832;2528;1850;62022-05;1706;11004;11892;8134;38;26;21;23
2;20006;Home Battery;6;LYO2;Lyon;2022-06;652;1361;2447;1680;62022-06;1523;8596;11315;10900;43;16;22;15
2;20006;Home Battery;6;LYO2;Lyon;2022-07;665;1979;2350;2058;62022-07;1593;9698;11204;11566;42;20;21;18
2;20006;Home Battery;6;LYO2;Lyon;2022-08;569;1593;2434;1719;62022-08;1281;9196;11105;9324;44;17;22;18
2;20006;Home Battery;6;LYO2;Lyon;2022-09;507;1831;2234;1438;62022-09;1215;10066;10748;8663;42;18;21;17
2;20006;Home Battery;6;LYO2;Lyon;2022-10;570;2457;2371;2666;62022-10;1211;10818;11335;11082;47;23;21;24
2;20006;Home Battery;6;LYO2;Lyon;2022-11;483;2430;2049;1376;62022-11;1127;9997;9786;9005;43;24;21;15
2;20006;Home Battery;6;LYO2;Lyon;2022-12;587;1787;2128;1718;62022-12;1179;8880;11362;10130;50;20;19;17
2;20006;Home Battery;6;LYO2;Lyon;2023-01;527;1694;2018;2410;62023-01;1008;9351;11337;12118;52;18;18;20
2;20006;Home Battery;6;LYO2;Lyon;2023-02;621;1818;2091;2074;62023-02;1094;8077;10887;10051;57;23;19;21
2;20006;Home Battery;6;LYO2;Lyon;2023-03;634;1287;2369;1907;62023-03;1119;8026;11931;9526;57;16;20;20
2;20006;Home Battery;6;LYO2;Lyon;2023-04;632;1800;2229;2062;62023-04;1085;10259;10666;11782;58;18;21;18
2;20006;Home Battery;6;LYO2;Lyon;2023-05;523;2167;1920;1716;62023-05;875;10307;10704;9595;60;21;18;18
2;20006;Home Battery;6;LYO2;Lyon;2023-06;437;1249;2229;1701;62023-06;830;10061;10645;9702;53;12;21;18
2;20006;Home Battery;6;LYO2;Lyon;2023-07;363;1862;1933;2950;62023-07;736;10028;10729;12099;49;19;18;24
2;20006;Home Battery;6;LYO2;Lyon;2023-08;383;2561;2185;2539;62023-08;751;9899;11064;11716;51;26;20;22
2;20006;Home Battery;6;LYO2;Lyon;2023-09;412;2083;2062;1875;62023-09;736;9997;11301;10152;56;21;18;18
2;20006;Home Battery;6;LYO2;Lyon;2023-10;402;2209;2187;2236;62023-10;701;9664;10679;11954;57;23;20;19
2;20006;Home Battery;6;LYO2;Lyon;2023-11;372;1894;2408;2291;62023-11;599;9584;11175;9518;62;20;22;24
2;20006;Home Battery;6;LYO2;Lyon;2023-12;347;1700;2026;2509;62023-12;575;10045;11338;12868;60;17;18;19
2;20006;Home Battery;6;LYO2;Lyon;2024-01;294;1825;2278;1701;62024-01;514;9885;11300;11017;57;18;20;15
2;20006;Home Battery;6;LYO2;Lyon;2024-02;;1793;2201;2776;62024-02;;9168;10292;13700;;20;21;20
2;20006;Home Battery;6;LYO2;Lyon;2024-03;;2041;2384;3116;62024-03;;9669;11639;14146;;21;20;22
2;20006;Home Battery;6;LYO2;Lyon;2024-04;;2553;2121;1861;62024-04;;9115;10538;11158;;28;20;17
2;20006;Home Battery;6;LYO2;Lyon;2024-05;;2075;2472;2489;62024-05;;9134;11262;13518;;23;22;18
2;20006;Home Battery;6;LYO2;Lyon;2024-06;;2141;2123;1869;62024-06;;9305;10769;9426;;23;20;20
2;20006;Home Battery;6;LYO2;Lyon;2024-07;;2025;2286;1869;62024-07;;8774;10861;13720;;23;21;14
2;20006;Home Battery;6;LYO2;Lyon;2024-08;;1946;1927;2822;62024-08;;11220;10821;11348;;17;18;25
2;20006;Home Battery;6;LYO2;Lyon;2024-09;;2796;1873;2002;62024-09;;10275;10389;12825;;27;18;16
2;20006;Home Battery;6;LYO2;Lyon;2024-10;;1512;1936;2639;62024-10;;9118;11045;12872;;17;18;21
2;20006;Home Battery;6;LYO2;Lyon;2024-11;;2209;2231;2470;62024-11;;9585;10541;10643;;23;21;23
2;20006;Home Battery;6;LYO2;Lyon;2024-12;;460;2412;3286;62024-12;;1869;11580;14254;;25;21;23
2;20006;Home Battery;6;LYO2;Lyon;2025-01;;;;2627;62025-01;;;;14060;;;;19
2;20006;Home Battery;6;LYO2;Lyon;2025-02;;;;2620;62025-02;;;;12840;;;;20
2;20006;Home Battery;6;LYO2;Lyon;2025-03;;;;3141;62025-03;;;;15205;;;;21
2;20006;Home Battery;6;LYO2;Lyon;2025-04;;;;2751;62025-04;;;;11803;;;;23
2;20006;Home Battery;6;LYO2;Lyon;2025-05;;;;3604;62025-05;;;;15282;;;;24
2;20006;Home Battery;6;LYO2;Lyon;2025-06;;;;2528;62025-06;;;;12520;;;;20
2;20006;Home Battery;6;LYO2;Lyon;2025-07;;;;2461;62025-07;;;;15745;;;;16
2;20006;Home Battery;6;LYO2;Lyon;2025-08;;;;3090;62025-08;;;;14605;;;;21
2;20006;Home Battery;6;LYO2;Lyon;2025-09;;;;2407;62025-09;;;;13753;;;;18
2;20006;Home Battery;6;LYO2;Lyon;2025-10;;;;2309;62025-10;;;;14589;;;;16
2;20006;Home Battery;6;LYO2;Lyon;2025-11;;;;2968;62025-11;;;;13288;;;;22
2;20006;Home Battery;6;LYO2;Lyon;2025-12;;;;3129;62025-12;;;;14948;;;;21
1;10007;EV Car Battery;7;BIR2;Birmingham;2022-01;77;230;265;180;72022-01;98;230;319;191;79;100;83;94
1;10007;EV Car Battery;7;BIR2;Birmingham;2022-02;78;156;283;272;72022-02;97;156;421;346;80;100;67;79
1;10007;EV Car Battery;7;BIR2;Birmingham;2022-03;89;287;315;140;72022-03;109;359;389;180;82;80;81;78
1;10007;EV Car Battery;7;BIR2;Birmingham;2022-04;71;72;247;177;72022-04;90;72;308;225;79;100;80;79
1;10007;EV Car Battery;7;BIR2;Birmingham;2022-05;65;388;270;236;72022-05;85;534;361;290;76;73;75;81
1;10007;EV Car Battery;7;BIR2;Birmingham;2022-06;81;75;293;197;72022-06;104;75;293;243;78;100;100;81
1;10007;EV Car Battery;7;BIR2;Birmingham;2022-07;77;85;204;124;72022-07;100;220;294;255;77;39;69;49
1;10007;EV Car Battery;7;BIR2;Birmingham;2022-08;88;235;178;187;72022-08;107;314;266;218;82;75;67;86
1;10007;EV Car Battery;7;BIR2;Birmingham;2022-09;75;219;367;243;72022-09;93;459;440;274;81;48;83;89
1;10007;EV Car Battery;7;BIR2;Birmingham;2022-10;64;;310;290;72022-10;81;;327;354;79;;95;82
1;10007;EV Car Battery;7;BIR2;Birmingham;2022-11;57;151;288;129;72022-11;77;310;338;138;74;49;85;93
1;10007;EV Car Battery;7;BIR2;Birmingham;2022-12;59;316;366;85;72022-12;75;316;413;135;79;100;89;63
1;10007;EV Car Battery;7;BIR2;Birmingham;2023-01;60;305;248;154;72023-01;76;377;305;297;79;81;81;52
1;10007;EV Car Battery;7;BIR2;Birmingham;2023-02;66;153;141;256;72023-02;84;153;213;357;79;100;66;72
1;10007;EV Car Battery;7;BIR2;Birmingham;2023-03;56;155;269;374;72023-03;74;155;348;461;76;100;77;81
1;10007;EV Car Battery;7;BIR2;Birmingham;2023-04;48;232;234;129;72023-04;67;308;326;186;72;75;72;69
1;10007;EV Car Battery;7;BIR2;Birmingham;2023-05;47;156;233;263;72023-05;63;156;286;311;75;100;81;85
1;10007;EV Car Battery;7;BIR2;Birmingham;2023-06;43;157;309;300;72023-06;60;304;392;402;72;52;79;75
1;10007;EV Car Battery;7;BIR2;Birmingham;2023-07;40;80;279;140;72023-07;56;80;315;174;71;100;89;80
1;10007;EV Car Battery;7;BIR2;Birmingham;2023-08;43;237;217;193;72023-08;60;237;272;298;72;100;80;65
1;10007;EV Car Battery;7;BIR2;Birmingham;2023-09;48;73;263;182;72023-09;63;73;300;251;76;100;88;73
1;10007;EV Car Battery;7;BIR2;Birmingham;2023-10;50;150;299;157;72023-10;61;225;355;171;82;67;84;92
1;10007;EV Car Battery;7;BIR2;Birmingham;2023-11;46;152;295;150;72023-11;57;152;323;211;81;100;91;71
1;10007;EV Car Battery;7;BIR2;Birmingham;2023-12;41;246;215;269;72023-12;52;246;281;343;79;100;77;78
1;10007;EV Car Battery;7;BIR2;Birmingham;2024-01;42;221;304;310;72024-01;52;221;377;365;81;100;81;85
1;10007;EV Car Battery;7;BIR2;Birmingham;2024-02;;80;174;159;72024-02;;80;207;190;;100;84;84
1;10007;EV Car Battery;7;BIR2;Birmingham;2024-03;;308;131;173;72024-03;;308;165;249;;100;79;69
1;10007;EV Car Battery;7;BIR2;Birmingham;2024-04;;82;130;137;72024-04;;82;183;211;;100;71;65
1;10007;EV Car Battery;7;BIR2;Birmingham;2024-05;;152;234;226;72024-05;;152;289;278;;100;81;81
1;10007;EV Car Battery;7;BIR2;Birmingham;2024-06;;311;202;247;72024-06;;311;263;301;;100;77;82
1;10007;EV Car Battery;7;BIR2;Birmingham;2024-07;;82;292;174;72024-07;;82;442;266;;100;66;65
1;10007;EV Car Battery;7;BIR2;Birmingham;2024-08;;329;155;249;72024-08;;402;190;362;;82;82;69
1;10007;EV Car Battery;7;BIR2;Birmingham;2024-09;;227;285;378;72024-09;;227;355;462;;100;80;82
1;10007;EV Car Battery;7;BIR2;Birmingham;2024-10;;182;189;340;72024-10;;182;285;393;;100;66;87
1;10007;EV Car Battery;7;BIR2;Birmingham;2024-11;;474;157;340;72024-11;;474;196;373;;100;80;91
1;10007;EV Car Battery;7;BIR2;Birmingham;2024-12;;73;353;208;72024-12;;73;389;226;;100;91;92
1;10007;EV Car Battery;7;BIR2;Birmingham;2025-01;;;;348;72025-01;;;;399;;;;87
1;10007;EV Car Battery;7;BIR2;Birmingham;2025-02;;;;233;72025-02;;;;279;;;;84
1;10007;EV Car Battery;7;BIR2;Birmingham;2025-03;;;;238;72025-03;;;;349;;;;68
1;10007;EV Car Battery;7;BIR2;Birmingham;2025-04;;;;121;72025-04;;;;200;;;;61
1;10007;EV Car Battery;7;BIR2;Birmingham;2025-05;;;;228;72025-05;;;;288;;;;79
1;10007;EV Car Battery;7;BIR2;Birmingham;2025-06;;;;258;72025-06;;;;331;;;;78
1;10007;EV Car Battery;7;BIR2;Birmingham;2025-07;;;;256;72025-07;;;;359;;;;71
1;10007;EV Car Battery;7;BIR2;Birmingham;2025-08;;;;291;72025-08;;;;407;;;;71
1;10007;EV Car Battery;7;BIR2;Birmingham;2025-09;;;;439;72025-09;;;;527;;;;83
1;10007;EV Car Battery;7;BIR2;Birmingham;2025-10;;;;377;72025-10;;;;433;;;;87
1;10007;EV Car Battery;7;BIR2;Birmingham;2025-11;;;;466;72025-11;;;;510;;;;91
1;10007;EV Car Battery;7;BIR2;Birmingham;2025-12;;;;318;72025-12;;;;337;;;;94
2;20007;Home Battery;7;BIR2;Birmingham;2022-01;21;;54;11;72022-01;98;230;319;191;21;0;17;6
2;20007;Home Battery;7;BIR2;Birmingham;2022-02;19;;138;74;72022-02;97;156;421;346;20;0;33;21
2;20007;Home Battery;7;BIR2;Birmingham;2022-03;20;72;74;40;72022-03;109;359;389;180;18;20;19;22
2;20007;Home Battery;7;BIR2;Birmingham;2022-04;19;;61;48;72022-04;90;72;308;225;21;0;20;21
2;20007;Home Battery;7;BIR2;Birmingham;2022-05;20;146;91;54;72022-05;85;534;361;290;24;27;25;19
2;20007;Home Battery;7;BIR2;Birmingham;2022-06;23;;;46;72022-06;104;75;293;243;22;0;0;19
2;20007;Home Battery;7;BIR2;Birmingham;2022-07;23;135;90;131;72022-07;100;220;294;255;23;61;31;51
2;20007;Home Battery;7;BIR2;Birmingham;2022-08;19;79;88;31;72022-08;107;314;266;218;18;25;33;14
2;20007;Home Battery;7;BIR2;Birmingham;2022-09;18;240;73;31;72022-09;93;459;440;274;19;52;17;11
2;20007;Home Battery;7;BIR2;Birmingham;2022-10;17;;17;64;72022-10;81;;327;354;21;;5;18
2;20007;Home Battery;7;BIR2;Birmingham;2022-11;20;159;50;9;72022-11;77;310;338;138;26;51;15;7
2;20007;Home Battery;7;BIR2;Birmingham;2022-12;16;;47;50;72022-12;75;316;413;135;21;0;11;37
2;20007;Home Battery;7;BIR2;Birmingham;2023-01;16;72;57;143;72023-01;76;377;305;297;21;19;19;48
2;20007;Home Battery;7;BIR2;Birmingham;2023-02;18;;72;101;72023-02;84;153;213;357;21;0;34;28
2;20007;Home Battery;7;BIR2;Birmingham;2023-03;18;;79;87;72023-03;74;155;348;461;24;0;23;19
2;20007;Home Battery;7;BIR2;Birmingham;2023-04;19;76;92;57;72023-04;67;308;326;186;28;25;28;31
2;20007;Home Battery;7;BIR2;Birmingham;2023-05;16;;53;48;72023-05;63;156;286;311;25;0;19;15
2;20007;Home Battery;7;BIR2;Birmingham;2023-06;17;147;83;102;72023-06;60;304;392;402;28;48;21;25
2;20007;Home Battery;7;BIR2;Birmingham;2023-07;16;;36;34;72023-07;56;80;315;174;29;0;11;20
2;20007;Home Battery;7;BIR2;Birmingham;2023-08;17;;55;105;72023-08;60;237;272;298;28;0;20;35
2;20007;Home Battery;7;BIR2;Birmingham;2023-09;15;;37;69;72023-09;63;73;300;251;24;0;12;27
2;20007;Home Battery;7;BIR2;Birmingham;2023-10;11;75;56;14;72023-10;61;225;355;171;18;33;16;8
2;20007;Home Battery;7;BIR2;Birmingham;2023-11;11;;28;61;72023-11;57;152;323;211;19;0;9;29
2;20007;Home Battery;7;BIR2;Birmingham;2023-12;11;;66;74;72023-12;52;246;281;343;21;0;23;22
2;20007;Home Battery;7;BIR2;Birmingham;2024-01;10;;73;55;72024-01;52;221;377;365;19;0;19;15
2;20007;Home Battery;7;BIR2;Birmingham;2024-02;;;33;31;72024-02;;80;207;190;;0;16;16
2;20007;Home Battery;7;BIR2;Birmingham;2024-03;;;34;76;72024-03;;308;165;249;;0;21;31
2;20007;Home Battery;7;BIR2;Birmingham;2024-04;;;53;74;72024-04;;82;183;211;;0;29;35
2;20007;Home Battery;7;BIR2;Birmingham;2024-05;;;55;52;72024-05;;152;289;278;;0;19;19
2;20007;Home Battery;7;BIR2;Birmingham;2024-06;;;61;54;72024-06;;311;263;301;;0;23;18
2;20007;Home Battery;7;BIR2;Birmingham;2024-07;;;150;92;72024-07;;82;442;266;;0;34;35
2;20007;Home Battery;7;BIR2;Birmingham;2024-08;;73;35;113;72024-08;;402;190;362;;18;18;31
2;20007;Home Battery;7;BIR2;Birmingham;2024-09;;;70;84;72024-09;;227;355;462;;0;20;18
2;20007;Home Battery;7;BIR2;Birmingham;2024-10;;;96;53;72024-10;;182;285;393;;0;34;13
2;20007;Home Battery;7;BIR2;Birmingham;2024-11;;;39;33;72024-11;;474;196;373;;0;20;9
2;20007;Home Battery;7;BIR2;Birmingham;2024-12;;;36;18;72024-12;;73;389;226;;0;9;8
2;20007;Home Battery;7;BIR2;Birmingham;2025-01;;;;51;72025-01;;;;399;;;;13
2;20007;Home Battery;7;BIR2;Birmingham;2025-02;;;;46;72025-02;;;;279;;;;16
2;20007;Home Battery;7;BIR2;Birmingham;2025-03;;;;111;72025-03;;;;349;;;;32
2;20007;Home Battery;7;BIR2;Birmingham;2025-04;;;;79;72025-04;;;;200;;;;40
2;20007;Home Battery;7;BIR2;Birmingham;2025-05;;;;60;72025-05;;;;288;;;;21
2;20007;Home Battery;7;BIR2;Birmingham;2025-06;;;;73;72025-06;;;;331;;;;22
2;20007;Home Battery;7;BIR2;Birmingham;2025-07;;;;103;72025-07;;;;359;;;;29
2;20007;Home Battery;7;BIR2;Birmingham;2025-08;;;;116;72025-08;;;;407;;;;29
2;20007;Home Battery;7;BIR2;Birmingham;2025-09;;;;88;72025-09;;;;527;;;;17
2;20007;Home Battery;7;BIR2;Birmingham;2025-10;;;;56;72025-10;;;;433;;;;13
2;20007;Home Battery;7;BIR2;Birmingham;2025-11;;;;44;72025-11;;;;510;;;;9
2;20007;Home Battery;7;BIR2;Birmingham;2025-12;;;;19;72025-12;;;;337;;;;6
1;10008;EV Car Battery;8;GOT2;Göteborg;2022-01;714;6669;6818;6966;82022-01;1380;7707;8498;8712;52;87;80;80
1;10008;EV Car Battery;8;GOT2;Göteborg;2022-02;616;6080;6542;5614;82022-02;1238;7719;7934;6948;50;79;82;81
1;10008;EV Car Battery;8;GOT2;Göteborg;2022-03;546;6464;6984;5714;82022-03;1093;7340;9007;6890;50;88;78;83
1;10008;EV Car Battery;8;GOT2;Göteborg;2022-04;582;6390;6927;6007;82022-04;1149;7448;8478;7510;51;86;82;80
1;10008;EV Car Battery;8;GOT2;Göteborg;2022-05;546;7021;7174;6788;82022-05;1201;8633;9266;8045;45;81;77;84
1;10008;EV Car Battery;8;GOT2;Göteborg;2022-06;499;6083;7018;5665;82022-06;1162;7541;8556;7173;43;81;82;79
1;10008;EV Car Battery;8;GOT2;Göteborg;2022-07;421;5589;7109;4711;82022-07;1006;7254;8870;6033;42;77;80;78
1;10008;EV Car Battery;8;GOT2;Göteborg;2022-08;443;5975;6818;5478;82022-08;1077;8037;8602;7376;41;74;79;74
1;10008;EV Car Battery;8;GOT2;Göteborg;2022-09;457;5632;6882;4924;82022-09;1164;6987;8575;6433;39;81;80;77
1;10008;EV Car Battery;8;GOT2;Göteborg;2022-10;486;6404;6553;6201;82022-10;1238;8464;8342;8378;39;76;79;74
1;10008;EV Car Battery;8;GOT2;Göteborg;2022-11;547;6265;6970;5466;82022-11;1227;7785;8588;6833;45;80;81;80
1;10008;EV Car Battery;8;GOT2;Göteborg;2022-12;614;5950;7809;6975;82022-12;1205;7840;9584;8790;51;76;81;79
1;10008;EV Car Battery;8;GOT2;Göteborg;2023-01;608;4712;7316;8045;82023-01;1196;6885;8857;9911;51;68;83;81
1;10008;EV Car Battery;8;GOT2;Göteborg;2023-02;696;4884;6982;5309;82023-02;1245;6638;8260;6793;56;74;85;78
1;10008;EV Car Battery;8;GOT2;Göteborg;2023-03;735;6448;7211;6375;82023-03;1290;8199;8958;8125;57;79;80;78
1;10008;EV Car Battery;8;GOT2;Göteborg;2023-04;638;6142;7314;7447;82023-04;1150;7651;9037;9416;55;80;81;79
1;10008;EV Car Battery;8;GOT2;Göteborg;2023-05;507;6306;7525;6100;82023-05;1015;8029;9680;7414;50;79;78;82
1;10008;EV Car Battery;8;GOT2;Göteborg;2023-06;524;6371;6698;6674;82023-06;993;8626;8128;8926;53;74;82;75
1;10008;EV Car Battery;8;GOT2;Göteborg;2023-07;591;5443;6635;5933;82023-07;994;6906;8560;7621;59;79;78;78
1;10008;EV Car Battery;8;GOT2;Göteborg;2023-08;546;6191;6365;6167;82023-08;1071;7905;8152;7794;51;78;78;79
1;10008;EV Car Battery;8;GOT2;Göteborg;2023-09;580;5420;6696;7100;82023-09;1081;6845;8596;9311;54;79;78;76
1;10008;EV Car Battery;8;GOT2;Göteborg;2023-10;493;7475;6914;5856;82023-10;878;8814;8499;7468;56;85;81;78
1;10008;EV Car Battery;8;GOT2;Göteborg;2023-11;413;6452;6781;6478;82023-11;864;7795;8536;8447;48;83;79;77
1;10008;EV Car Battery;8;GOT2;Göteborg;2023-12;497;5133;6800;8598;82023-12;986;6682;8453;10962;50;77;80;78
1;10008;EV Car Battery;8;GOT2;Göteborg;2024-01;426;7022;7418;6289;82024-01;840;8527;9422;9089;51;82;79;69
1;10008;EV Car Battery;8;GOT2;Göteborg;2024-02;;6038;6440;7191;82024-02;;7879;8218;9263;;77;78;78
1;10008;EV Car Battery;8;GOT2;Göteborg;2024-03;;5671;7556;7183;82024-03;;7469;9345;8779;;76;81;82
1;10008;EV Car Battery;8;GOT2;Göteborg;2024-04;;5158;7039;7276;82024-04;;5615;8797;9675;;92;80;75
1;10008;EV Car Battery;8;GOT2;Göteborg;2024-05;;6984;7034;6872;82024-05;;8649;8792;8326;;81;80;83
1;10008;EV Car Battery;8;GOT2;Göteborg;2024-06;;7052;6934;5448;82024-06;;8841;8661;7162;;80;80;76
1;10008;EV Car Battery;8;GOT2;Göteborg;2024-07;;5041;6315;7320;82024-07;;6937;8309;9237;;73;76;79
1;10008;EV Car Battery;8;GOT2;Göteborg;2024-08;;5857;7291;5972;82024-08;;7666;9196;8026;;76;79;74
1;10008;EV Car Battery;8;GOT2;Göteborg;2024-09;;6180;6923;7535;82024-09;;7030;8620;9214;;88;80;82
1;10008;EV Car Battery;8;GOT2;Göteborg;2024-10;;5286;7202;6310;82024-10;;6925;8943;8309;;76;81;76
1;10008;EV Car Battery;8;GOT2;Göteborg;2024-11;;5561;6998;8161;82024-11;;7458;9014;9880;;75;78;83
1;10008;EV Car Battery;8;GOT2;Göteborg;2024-12;;968;7282;8509;82024-12;;1761;9041;10315;;55;81;82
1;10008;EV Car Battery;8;GOT2;Göteborg;2025-01;;;;8496;82025-01;;;;11120;;;;76
1;10008;EV Car Battery;8;GOT2;Göteborg;2025-02;;;;7744;82025-02;;;;9960;;;;78
1;10008;EV Car Battery;8;GOT2;Göteborg;2025-03;;;;8303;82025-03;;;;10199;;;;81
1;10008;EV Car Battery;8;GOT2;Göteborg;2025-04;;;;9610;82025-04;;;;11910;;;;81
1;10008;EV Car Battery;8;GOT2;Göteborg;2025-05;;;;8796;82025-05;;;;10750;;;;82
1;10008;EV Car Battery;8;GOT2;Göteborg;2025-06;;;;6929;82025-06;;;;9308;;;;74
1;10008;EV Car Battery;8;GOT2;Göteborg;2025-07;;;;8540;82025-07;;;;10583;;;;81
1;10008;EV Car Battery;8;GOT2;Göteborg;2025-08;;;;8402;82025-08;;;;10633;;;;79
1;10008;EV Car Battery;8;GOT2;Göteborg;2025-09;;;;8494;82025-09;;;;10901;;;;78
1;10008;EV Car Battery;8;GOT2;Göteborg;2025-10;;;;8574;82025-10;;;;10942;;;;78
1;10008;EV Car Battery;8;GOT2;Göteborg;2025-11;;;;9277;82025-11;;;;11265;;;;82
1;10008;EV Car Battery;8;GOT2;Göteborg;2025-12;;;;8373;82025-12;;;;10489;;;;80
2;20008;Home Battery;8;GOT2;Göteborg;2022-01;666;1038;1680;1746;82022-01;1380;7707;8498;8712;48;13;20;20
2;20008;Home Battery;8;GOT2;Göteborg;2022-02;622;1639;1392;1334;82022-02;1238;7719;7934;6948;50;21;18;19
2;20008;Home Battery;8;GOT2;Göteborg;2022-03;547;876;2023;1176;82022-03;1093;7340;9007;6890;50;12;22;17
2;20008;Home Battery;8;GOT2;Göteborg;2022-04;567;1058;1551;1503;82022-04;1149;7448;8478;7510;49;14;18;20
2;20008;Home Battery;8;GOT2;Göteborg;2022-05;655;1612;2092;1257;82022-05;1201;8633;9266;8045;55;19;23;16
2;20008;Home Battery;8;GOT2;Göteborg;2022-06;663;1458;1538;1508;82022-06;1162;7541;8556;7173;57;19;18;21
2;20008;Home Battery;8;GOT2;Göteborg;2022-07;585;1665;1761;1322;82022-07;1006;7254;8870;6033;58;23;20;22
2;20008;Home Battery;8;GOT2;Göteborg;2022-08;634;2062;1784;1898;82022-08;1077;8037;8602;7376;59;26;21;26
2;20008;Home Battery;8;GOT2;Göteborg;2022-09;707;1355;1693;1509;82022-09;1164;6987;8575;6433;61;19;20;23
2;20008;Home Battery;8;GOT2;Göteborg;2022-10;752;2060;1789;2177;82022-10;1238;8464;8342;8378;61;24;21;26
2;20008;Home Battery;8;GOT2;Göteborg;2022-11;680;1520;1618;1367;82022-11;1227;7785;8588;6833;55;20;19;20
2;20008;Home Battery;8;GOT2;Göteborg;2022-12;591;1890;1775;1815;82022-12;1205;7840;9584;8790;49;24;19;21
2;20008;Home Battery;8;GOT2;Göteborg;2023-01;588;2173;1541;1866;82023-01;1196;6885;8857;9911;49;32;17;19
2;20008;Home Battery;8;GOT2;Göteborg;2023-02;549;1754;1278;1484;82023-02;1245;6638;8260;6793;44;26;15;22
2;20008;Home Battery;8;GOT2;Göteborg;2023-03;555;1751;1747;1750;82023-03;1290;8199;8958;8125;43;21;20;22
2;20008;Home Battery;8;GOT2;Göteborg;2023-04;512;1509;1723;1969;82023-04;1150;7651;9037;9416;45;20;19;21
2;20008;Home Battery;8;GOT2;Göteborg;2023-05;508;1723;2155;1314;82023-05;1015;8029;9680;7414;50;21;22;18
2;20008;Home Battery;8;GOT2;Göteborg;2023-06;469;2255;1430;2252;82023-06;993;8626;8128;8926;47;26;18;25
2;20008;Home Battery;8;GOT2;Göteborg;2023-07;403;1463;1925;1688;82023-07;994;6906;8560;7621;41;21;22;22
2;20008;Home Battery;8;GOT2;Göteborg;2023-08;525;1714;1787;1627;82023-08;1071;7905;8152;7794;49;22;22;21
2;20008;Home Battery;8;GOT2;Göteborg;2023-09;501;1425;1900;2211;82023-09;1081;6845;8596;9311;46;21;22;24
2;20008;Home Battery;8;GOT2;Göteborg;2023-10;385;1339;1585;1612;82023-10;878;8814;8499;7468;44;15;19;22
2;20008;Home Battery;8;GOT2;Göteborg;2023-11;451;1343;1755;1969;82023-11;864;7795;8536;8447;52;17;21;23
2;20008;Home Battery;8;GOT2;Göteborg;2023-12;489;1549;1653;2364;82023-12;986;6682;8453;10962;50;23;20;22
2;20008;Home Battery;8;GOT2;Göteborg;2024-01;414;1505;2004;2800;82024-01;840;8527;9422;9089;49;18;21;31
2;20008;Home Battery;8;GOT2;Göteborg;2024-02;;1841;1778;2072;82024-02;;7879;8218;9263;;23;22;22
2;20008;Home Battery;8;GOT2;Göteborg;2024-03;;1798;1789;1596;82024-03;;7469;9345;8779;;24;19;18
2;20008;Home Battery;8;GOT2;Göteborg;2024-04;;457;1758;2399;82024-04;;5615;8797;9675;;8;20;25
2;20008;Home Battery;8;GOT2;Göteborg;2024-05;;1665;1758;1454;82024-05;;8649;8792;8326;;19;20;17
2;20008;Home Battery;8;GOT2;Göteborg;2024-06;;1789;1727;1714;82024-06;;8841;8661;7162;;20;20;24
2;20008;Home Battery;8;GOT2;Göteborg;2024-07;;1896;1994;1917;82024-07;;6937;8309;9237;;27;24;21
2;20008;Home Battery;8;GOT2;Göteborg;2024-08;;1809;1905;2054;82024-08;;7666;9196;8026;;24;21;26
2;20008;Home Battery;8;GOT2;Göteborg;2024-09;;850;1697;1679;82024-09;;7030;8620;9214;;12;20;18
2;20008;Home Battery;8;GOT2;Göteborg;2024-10;;1639;1741;1999;82024-10;;6925;8943;8309;;24;19;24
2;20008;Home Battery;8;GOT2;Göteborg;2024-11;;1897;2016;1719;82024-11;;7458;9014;9880;;25;22;17
2;20008;Home Battery;8;GOT2;Göteborg;2024-12;;793;1759;1806;82024-12;;1761;9041;10315;;45;19;18
2;20008;Home Battery;8;GOT2;Göteborg;2025-01;;;;2624;82025-01;;;;11120;;;;24
2;20008;Home Battery;8;GOT2;Göteborg;2025-02;;;;2216;82025-02;;;;9960;;;;22
2;20008;Home Battery;8;GOT2;Göteborg;2025-03;;;;1896;82025-03;;;;10199;;;;19
2;20008;Home Battery;8;GOT2;Göteborg;2025-04;;;;2300;82025-04;;;;11910;;;;19
2;20008;Home Battery;8;GOT2;Göteborg;2025-05;;;;1954;82025-05;;;;10750;;;;18
2;20008;Home Battery;8;GOT2;Göteborg;2025-06;;;;2379;82025-06;;;;9308;;;;26
2;20008;Home Battery;8;GOT2;Göteborg;2025-07;;;;2043;82025-07;;;;10583;;;;19
2;20008;Home Battery;8;GOT2;Göteborg;2025-08;;;;2231;82025-08;;;;10633;;;;21
2;20008;Home Battery;8;GOT2;Göteborg;2025-09;;;;2407;82025-09;;;;10901;;;;22
2;20008;Home Battery;8;GOT2;Göteborg;2025-10;;;;2368;82025-10;;;;10942;;;;22
2;20008;Home Battery;8;GOT2;Göteborg;2025-11;;;;1988;82025-11;;;;11265;;;;18
2;20008;Home Battery;8;GOT2;Göteborg;2025-12;;;;2116;82025-12;;;;10489;;;;20
